<?xml version="1.0" encoding="UTF-8" standalone="yes"?>
<profiles>
    <profile>
        <profile_id>50827</profile_id>
        <profilename>IGEL UMS Console</profilename>
        <firmware>
            <model>IGEL OS 11</model>
            <version>11.03.110.01</version>
        </firmware>
        <description>IGEL UMS Console</description>
        <overwritesessions>false</overwritesessions>
        <is_master_profile>false</is_master_profile>
        <is_igel_os>true</is_igel_os>
        <settings/>
        <instancesettings>
            <instance classprefix="sessions.custom_application%" serialnumber="-8e17bb4:1774b56aa56:-8000127.0.1.1">
                <ivalue classname="sessions.custom_application%.applaunch" variableExpression="" variableSubstitutionActive="false">true</ivalue>
                <ivalue classname="sessions.custom_application%.applaunch_path" variableExpression="" variableSubstitutionActive="false"></ivalue>
                <ivalue classname="sessions.custom_application%.applaunch_system" variableExpression="" variableSubstitutionActive="false">false</ivalue>
                <ivalue classname="sessions.custom_application%.appliance_mode_access" variableExpression="" variableSubstitutionActive="false">false</ivalue>
                <ivalue classname="sessions.custom_application%.autostart" variableExpression="" variableSubstitutionActive="false">false</ivalue>
                <ivalue classname="sessions.custom_application%.cmdline" variableExpression="" variableSubstitutionActive="false">/usr/bin/xfce4-terminal -T "X11" --geometry=80x10-0+0 -x ssh -X [ums_user_name]@[ums_console_host] /opt/IGEL/RemoteManager/RemoteManager.sh</ivalue>
                <ivalue classname="sessions.custom_application%.desktop" variableExpression="" variableSubstitutionActive="false">true</ivalue>
                <ivalue classname="sessions.custom_application%.desktop_path" variableExpression="" variableSubstitutionActive="false"></ivalue>
                <ivalue classname="sessions.custom_application%.hotkey" variableExpression="" variableSubstitutionActive="false"></ivalue>
                <ivalue classname="sessions.custom_application%.hotkeymodifier" variableExpression="" variableSubstitutionActive="false">None</ivalue>
                <ivalue classname="sessions.custom_application%.icon" variableExpression="" variableSubstitutionActive="false">/usr/share/icons/hicolor/256x256/apps/xfce4-whiskermenu.png</ivalue>
                <ivalue classname="sessions.custom_application%.menu_path" variableExpression="" variableSubstitutionActive="false"></ivalue>
                <ivalue classname="sessions.custom_application%.name" variableExpression="" variableSubstitutionActive="false">IGEL UMS Console</ivalue>
                <ivalue classname="sessions.custom_application%.position" variableExpression="" variableSubstitutionActive="false">0</ivalue>
                <ivalue classname="sessions.custom_application%.pulldown" variableExpression="" variableSubstitutionActive="false">false</ivalue>
                <ivalue classname="sessions.custom_application%.pwprotected" variableExpression="" variableSubstitutionActive="false">none</ivalue>
                <ivalue classname="sessions.custom_application%.quick_start" variableExpression="" variableSubstitutionActive="false">false</ivalue>
                <ivalue classname="sessions.custom_application%.restart" variableExpression="" variableSubstitutionActive="false">false</ivalue>
                <ivalue classname="sessions.custom_application%.scardautostart" variableExpression="" variableSubstitutionActive="false">false</ivalue>
                <ivalue classname="sessions.custom_application%.snotify" variableExpression="" variableSubstitutionActive="false">true</ivalue>
                <ivalue classname="sessions.custom_application%.startmenu" variableExpression="" variableSubstitutionActive="false">true</ivalue>
                <ivalue classname="sessions.custom_application%.startmenu_system" variableExpression="" variableSubstitutionActive="false">false</ivalue>
                <ivalue classname="sessions.custom_application%.usehotkey" variableExpression="" variableSubstitutionActive="false">false</ivalue>
                <ivalue classname="sessions.custom_application%.waitfornetwork" variableExpression="" variableSubstitutionActive="false">true</ivalue>
                <ivalue classname="sessions.custom_application%.waittime2autostart" variableExpression="" variableSubstitutionActive="false">0</ivalue>
                <ivalue classname="sessions.custom_application%.waittime2restart" variableExpression="" variableSubstitutionActive="false">0</ivalue>
            </instance>
        </instancesettings>
    </profile>
</profiles>
